pdb_id,chain,region_start_mean,region_end_mean,curvature_mean,twist_mean,twist_hand_mean,pitch_mean,pitch_hand_mean,tmscore_mean,yaw_mean,curvature_std,twist_std,twist_hand_std,pitch_std,pitch_hand_std,tmscore_std,yaw_std,classification,repeat_unit_number
4r58,A,44,219,0.22,0.092,1.0,0.039,-0.143,0.838,0.009,0.002,0.004,0.0,0.022,0.99,0.133,0.007,3.2,8
4r58,B,44,219,0.224,0.089,1.0,0.04,-0.429,0.83,0.013,0.002,0.004,0.0,0.021,0.904,0.138,0.008,3.2,8
4r58,C,44,219,0.27,0.087,1.0,0.046,-0.429,0.833,0.06,0.018,0.006,0.0,0.025,0.904,0.14,0.011,3.2,8
4r58,D,44,219,0.249,0.096,1.0,0.053,1.0,0.786,0.044,0.026,0.018,0.0,0.03,0.0,0.197,0.04,3.2,8
4r5c,A,44,294,0.215,0.079,1.0,0.027,-0.2,0.73,0.029,0.012,0.021,0.0,0.019,0.98,0.17,0.014,3.2,11
4r5d,A,44,430,0.23,0.052,0.571,0.035,0.286,0.685,0.054,0.057,0.035,0.821,0.026,0.958,0.181,0.059,3.2,15
4r6f,A,21,319,0.179,0.189,0.818,0.222,0.273,0.565,0.189,0.033,0.353,0.575,0.414,0.962,0.153,0.486,3.2,12
4r6g,A,1,453,0.191,0.225,0.529,0.158,0.765,0.595,0.174,0.074,0.466,0.848,0.172,0.644,0.167,0.461,3.2,18
4r6j,A,20,250,0.194,0.353,0.556,0.236,0.556,0.528,0.285,0.035,0.756,0.831,0.447,0.831,0.167,0.663,3.2,10
4r6j,B,44,250,0.175,0.075,0.75,0.101,0.5,0.574,0.061,0.041,0.037,0.661,0.044,0.866,0.132,0.079,3.2,9
4r6j,C,44,252,0.191,0.091,0.75,0.088,0.5,0.582,0.06,0.057,0.064,0.661,0.031,0.866,0.149,0.076,3.2,9
4r6j,D,44,251,0.195,0.092,0.75,0.093,0.5,0.582,0.058,0.053,0.061,0.661,0.034,0.866,0.145,0.078,3.2,9
4atz,D,14,166,0.27,0.053,-1.0,0.067,1.0,0.821,0.089,0.005,0.023,0.0,0.029,0.0,0.142,0.081,3.3,5
4atz,E,13,166,0.211,0.075,-1.0,0.07,1.0,0.812,0.042,0.002,0.035,0.0,0.041,0.0,0.162,0.037,3.3,5
4atz,F,16,166,0.219,0.079,-1.0,0.035,0.5,0.797,0.063,0.007,0.059,0.0,0.026,0.866,0.182,0.067,3.3,5
2bkg,A,13,165,0.279,0.09,-1.0,0.071,1.0,0.836,0.088,0.004,0.034,0.0,0.044,0.0,0.167,0.055,3.3,5
2bkg,B,13,165,0.178,0.101,-1.0,0.081,1.0,0.829,0.058,0.007,0.034,0.0,0.036,0.0,0.165,0.019,3.3,5
2bkk,B,14,165,0.242,0.104,0.0,0.057,0.5,0.746,0.04,0.006,0.039,1.0,0.03,0.866,0.185,0.002,3.3,5
2bkk,D,13,143,0.194,0.083,-0.333,0.011,0.333,0.827,0.037,0.008,0.015,0.943,0.008,0.943,0.069,0.005,3.3,4
5cwh,A,2,160,0.012,0.013,-0.333,0.012,-0.333,0.96,0.015,0.0,0.009,0.943,0.008,0.943,0.029,0.009,3.3,4
5cwj,A,2,161,0.06,0.037,-1.0,0.046,-0.333,0.924,0.039,0.001,0.006,0.0,0.025,0.943,0.028,0.014,3.3,4
5cwk,A,2,171,0.264,0.286,1.0,0.03,1.0,0.839,0.049,0.018,0.052,0.0,0.028,0.0,0.027,0.042,3.3,4
4db6,A,24,189,0.355,0.347,1.0,0.103,0.333,0.96,0.041,0.003,0.021,0.0,0.041,0.943,0.008,0.038,3.3,4
4db8,A,63,231,0.336,0.331,1.0,0.067,-0.333,0.942,0.052,0.005,0.028,0.0,0.043,0.943,0.023,0.02,3.3,4
4db9,A,5,207,0.265,0.337,1.0,0.077,-0.5,0.883,0.033,0.005,0.046,0.0,0.052,0.866,0.081,0.02,3.3,5
4db9,B,5,207,0.265,0.341,1.0,0.076,-0.5,0.885,0.029,0.005,0.048,0.0,0.045,0.866,0.078,0.023,3.3,5
4db9,C,5,207,0.265,0.34,1.0,0.072,-0.5,0.882,0.029,0.005,0.046,0.0,0.047,0.866,0.081,0.022,3.3,5
4db9,D,5,207,0.265,0.332,1.0,0.069,-0.5,0.885,0.043,0.004,0.043,0.0,0.041,0.866,0.071,0.013,3.3,5
4db9,E,5,207,0.265,0.329,1.0,0.073,-0.5,0.885,0.037,0.004,0.042,0.0,0.045,0.866,0.072,0.013,3.3,5
4db9,F,24,189,0.335,0.298,1.0,0.084,0.333,0.944,0.012,0.007,0.022,0.0,0.054,0.943,0.013,0.005,3.3,4
4drx,E,14,167,0.246,0.125,-1.0,0.069,1.0,0.82,0.112,0.004,0.067,0.0,0.014,0.0,0.145,0.142,3.3,5
4drx,F,14,167,0.173,0.122,-1.0,0.071,1.0,0.821,0.116,0.004,0.072,0.0,0.01,0.0,0.145,0.097,3.3,5
4dui,A,11,167,0.284,0.096,-1.0,0.079,0.5,0.809,0.04,0.01,0.019,0.0,0.083,0.866,0.172,0.02,3.3,5
4dx5,D,13,166,0.139,0.09,-1.0,0.089,1.0,0.814,0.048,0.006,0.025,0.0,0.045,0.0,0.149,0.016,3.3,5
4dx5,E,16,166,0.242,0.102,-1.0,0.082,1.0,0.825,0.077,0.002,0.024,0.0,0.043,0.0,0.144,0.041,3.3,5
4dx6,D,13,166,0.123,0.09,-1.0,0.086,1.0,0.791,0.05,0.006,0.028,0.0,0.037,0.0,0.142,0.031,3.3,5
4dx6,E,16,166,0.187,0.084,-1.0,0.09,1.0,0.79,0.035,0.005,0.011,0.0,0.033,0.0,0.136,0.021,3.3,5
4dx7,D,13,166,0.257,0.094,-1.0,0.077,1.0,0.815,0.082,0.006,0.018,0.0,0.045,0.0,0.146,0.032,3.3,5
4dx7,E,16,166,0.246,0.098,-1.0,0.085,1.0,0.826,0.079,0.003,0.023,0.0,0.04,0.0,0.147,0.033,3.3,5
4f6r,D,12,169,0.198,0.099,-1.0,0.079,1.0,0.836,0.047,0.007,0.02,0.0,0.036,0.0,0.127,0.036,3.3,5
2fo7,A,2,134,0.597,0.5,1.0,0.168,0.333,0.951,0.055,0.022,0.017,0.0,0.116,0.943,0.015,0.015,3.3,4
4gmr,A,4,159,0.244,0.078,-1.0,0.094,1.0,0.857,0.039,0.01,0.006,0.0,0.026,0.0,0.134,0.023,3.3,5
4gmr,B,4,159,0.207,0.096,-1.0,0.071,1.0,0.867,0.026,0.011,0.036,0.0,0.025,0.0,0.119,0.016,3.3,5
4gpm,A,3,158,0.234,0.111,-1.0,0.079,1.0,0.866,0.027,0.009,0.01,0.0,0.032,0.0,0.135,0.015,3.3,5
4gpm,B,4,159,0.294,0.097,-1.0,0.079,1.0,0.869,0.03,0.009,0.022,0.0,0.036,0.0,0.135,0.017,3.3,5
4hb5,A,3,158,0.206,0.045,-0.5,0.086,1.0,0.84,0.022,0.01,0.008,0.866,0.022,0.0,0.151,0.011,3.3,5
4hb5,B,3,159,0.157,0.036,-1.0,0.092,1.0,0.846,0.034,0.009,0.014,0.0,0.03,0.0,0.126,0.018,3.3,5
3hg0,D,13,135,0.132,0.092,-1.0,0.135,1.0,0.783,0.043,0.003,0.016,0.0,0.026,0.0,0.117,0.041,3.3,4
4hqd,A,4,159,0.221,0.099,-1.0,0.071,1.0,0.846,0.017,0.013,0.047,0.0,0.026,0.0,0.162,0.019,3.3,5
4hqd,B,4,159,0.237,0.12,-1.0,0.062,1.0,0.868,0.017,0.013,0.055,0.0,0.03,0.0,0.127,0.008,3.3,5
2hyz,A,2,134,0.544,0.535,1.0,0.21,-0.333,0.974,0.019,0.027,0.014,0.0,0.121,0.943,0.021,0.007,3.3,4
5i9g,C,51,396,0.661,0.248,1.0,0.26,0.111,0.95,0.067,0.064,0.028,0.0,0.135,0.994,0.023,0.05,3.3,10
4j7w,A,14,169,0.258,0.113,-1.0,0.059,1.0,0.837,0.019,0.009,0.024,0.0,0.048,0.0,0.148,0.011,3.3,5
4j7w,B,14,169,0.288,0.088,-1.0,0.093,1.0,0.841,0.049,0.007,0.018,0.0,0.074,0.0,0.147,0.037,3.3,5
2j8s,D,13,166,0.278,0.094,-1.0,0.064,1.0,0.802,0.1,0.003,0.011,0.0,0.046,0.0,0.139,0.05,3.3,5
2j8s,E,15,166,0.243,0.09,-1.0,0.085,1.0,0.803,0.08,0.002,0.02,0.0,0.045,0.0,0.131,0.057,3.3,5
4j8y,A,14,169,0.244,0.112,-1.0,0.085,1.0,0.831,0.019,0.008,0.021,0.0,0.057,0.0,0.146,0.019,3.3,5
4jb8,P,13,169,0.265,0.062,-1.0,0.071,1.0,0.845,0.038,0.013,0.03,0.0,0.036,0.0,0.129,0.029,3.3,5
3kd7,C,8,107,0.668,0.52,1.0,0.151,0.0,0.912,0.144,0.037,0.057,0.0,0.108,1.0,0.027,0.008,3.3,3
3ltj,A,14,201,0.287,0.179,0.6,0.081,1.0,0.837,0.108,0.022,0.124,0.8,0.046,0.0,0.152,0.048,3.3,6
3ltm,A,16,200,0.256,0.224,0.6,0.074,0.6,0.848,0.114,0.017,0.126,0.8,0.051,0.8,0.17,0.076,3.3,6
3ltm,B,20,201,0.239,0.205,0.6,0.043,0.2,0.832,0.113,0.015,0.15,0.8,0.017,0.98,0.146,0.047,3.3,6
1mj0,A,13,165,0.129,0.09,-1.0,0.077,1.0,0.816,0.106,0.007,0.014,0.0,0.017,0.0,0.173,0.024,3.3,5
1na0,A,8,109,0.503,0.633,1.0,0.155,0.0,0.974,0.047,0.006,0.015,0.0,0.07,1.0,0.008,0.007,3.3,3
1na0,B,8,109,0.526,0.606,1.0,0.165,0.0,0.971,0.044,0.013,0.019,0.0,0.101,1.0,0.014,0.01,3.3,3
3noc,D,14,166,0.273,0.084,-1.0,0.076,0.5,0.796,0.083,0.001,0.016,0.0,0.042,0.866,0.139,0.035,3.3,5
3noc,E,15,165,0.281,0.097,-1.0,0.057,1.0,0.772,0.092,0.005,0.013,0.0,0.032,0.0,0.142,0.045,3.3,5
3nog,D,14,166,0.258,0.057,-1.0,0.074,0.5,0.727,0.061,0.004,0.037,0.0,0.042,0.866,0.147,0.024,3.3,5
3nog,E,15,166,0.282,0.081,-1.0,0.066,0.5,0.663,0.092,0.012,0.013,0.0,0.04,0.866,0.148,0.024,3.3,5
2p2c,P,13,166,0.199,0.083,-1.0,0.072,1.0,0.743,0.032,0.004,0.016,0.0,0.025,0.0,0.183,0.015,3.3,5
2p2c,Q,14,166,0.263,0.075,-1.0,0.066,1.0,0.753,0.102,0.003,0.042,0.0,0.023,0.0,0.168,0.071,3.3,5
2p2c,R,13,165,0.29,0.091,-1.0,0.063,1.0,0.757,0.108,0.006,0.022,0.0,0.027,0.0,0.179,0.047,3.3,5
2p2c,S,16,165,0.228,0.092,-1.0,0.073,1.0,0.754,0.052,0.005,0.021,0.0,0.023,0.0,0.174,0.028,3.3,5
2p2c,T,16,166,0.274,0.098,-1.0,0.074,1.0,0.74,0.09,0.006,0.014,0.0,0.028,0.0,0.171,0.037,3.3,5
2p2c,U,16,166,0.195,0.075,-1.0,0.079,1.0,0.768,0.038,0.002,0.023,0.0,0.018,0.0,0.167,0.021,3.3,5
3q9n,C,35,154,0.305,0.115,-1.0,0.058,1.0,0.788,0.162,0.004,0.033,0.0,0.02,0.0,0.2,0.105,3.3,5
3q9n,D,35,154,0.33,0.104,-1.0,0.064,1.0,0.78,0.171,0.003,0.036,0.0,0.009,0.0,0.201,0.107,3.3,5
3q9u,C,35,154,0.147,0.109,-1.0,0.058,1.0,0.772,0.095,0.003,0.044,0.0,0.04,0.0,0.216,0.037,3.3,5
3q9u,D,35,154,0.111,0.094,-1.0,0.056,1.0,0.77,0.106,0.002,0.043,0.0,0.021,0.0,0.21,0.011,3.3,5
2qyj,A,14,166,0.255,0.072,-1.0,0.072,1.0,0.835,0.085,0.003,0.022,0.0,0.017,0.0,0.15,0.078,3.3,5
4rv1,A,16,392,0.308,0.399,1.0,0.205,0.25,0.929,0.096,0.023,0.055,0.0,0.1,0.968,0.049,0.087,3.3,9
4rv1,B,18,392,0.301,0.403,1.0,0.195,0.25,0.919,0.095,0.026,0.05,0.0,0.098,0.968,0.058,0.093,3.3,9
4rv1,C,15,392,0.307,0.403,1.0,0.191,0.25,0.935,0.089,0.022,0.027,0.0,0.099,0.968,0.032,0.088,3.3,9
4rv1,D,16,392,0.306,0.405,1.0,0.2,0.25,0.929,0.089,0.018,0.035,0.0,0.089,0.968,0.028,0.086,3.3,9
4rv1,E,16,392,0.296,0.377,1.0,0.203,0.5,0.894,0.039,0.011,0.033,0.0,0.095,0.866,0.036,0.015,3.3,9
4rv1,F,15,393,0.278,0.434,1.0,0.175,-0.5,0.893,0.15,0.061,0.037,0.0,0.094,0.866,0.053,0.116,3.3,9
1svx,A,13,168,0.269,0.071,-1.0,0.09,1.0,0.806,0.068,0.01,0.023,0.0,0.08,0.0,0.174,0.044,3.3,5
4u8v,D,13,166,0.129,0.084,-1.0,0.086,1.0,0.813,0.047,0.005,0.013,0.0,0.031,0.0,0.147,0.026,3.3,5
4u8v,E,16,166,0.098,0.096,-1.0,0.096,1.0,0.821,0.066,0.002,0.025,0.0,0.03,0.0,0.146,0.038,3.3,5
4u8y,D,13,166,0.263,0.093,-1.0,0.07,1.0,0.812,0.094,0.007,0.019,0.0,0.043,0.0,0.148,0.049,3.3,5
4u8y,E,16,166,0.242,0.1,-1.0,0.081,1.0,0.823,0.079,0.002,0.021,0.0,0.045,0.0,0.144,0.044,3.3,5
4u95,D,13,166,0.12,0.084,-1.0,0.086,1.0,0.816,0.052,0.005,0.015,0.0,0.033,0.0,0.146,0.032,3.3,5
4u95,E,16,166,0.107,0.092,-1.0,0.101,1.0,0.827,0.061,0.003,0.025,0.0,0.035,0.0,0.146,0.033,3.3,5
4u96,D,11,166,0.27,0.105,-1.0,0.085,1.0,0.822,0.104,0.007,0.022,0.0,0.045,0.0,0.145,0.046,3.3,5
4u96,E,16,166,0.208,0.093,-1.0,0.094,1.0,0.824,0.043,0.006,0.023,0.0,0.043,0.0,0.146,0.039,3.3,5
2v4h,C,13,136,0.211,0.112,-1.0,0.123,1.0,0.76,0.039,0.009,0.019,0.0,0.049,0.0,0.069,0.028,3.3,4
2v5q,C,13,136,0.208,0.097,-1.0,0.128,1.0,0.819,0.038,0.012,0.012,0.0,0.043,0.0,0.102,0.026,3.3,4
2v5q,D,14,136,0.276,0.115,-1.0,0.116,1.0,0.836,0.095,0.011,0.015,0.0,0.039,0.0,0.111,0.022,3.3,4
6w2v,A,22,222,0.575,1.033,0.333,0.204,-0.333,0.703,0.922,0.117,1.007,0.943,0.216,0.943,0.11,0.819,3.3,4
4wn4,B,108,282,0.375,0.54,1.0,0.198,0.0,0.947,0.076,0.004,0.044,0.0,0.101,1.0,0.006,0.043,3.3,5
4wsl,A,1,293,0.406,0.424,1.0,0.241,0.429,0.874,0.078,0.015,0.026,0.0,0.113,0.904,0.03,0.045,3.3,8
2xee,A,14,168,0.262,0.068,-1.0,0.082,1.0,0.856,0.046,0.009,0.04,0.0,0.046,0.0,0.139,0.017,3.3,5
2xee,B,14,168,0.22,0.08,-1.0,0.076,1.0,0.853,0.016,0.009,0.021,0.0,0.02,0.0,0.144,0.017,3.3,5
2xee,C,14,168,0.214,0.081,-1.0,0.077,1.0,0.852,0.024,0.009,0.023,0.0,0.03,0.0,0.145,0.023,3.3,5
2xee,D,14,168,0.251,0.072,-1.0,0.076,1.0,0.855,0.038,0.014,0.032,0.0,0.026,0.0,0.128,0.008,3.3,5
2xeh,A,14,169,0.217,0.063,-1.0,0.074,1.0,0.845,0.017,0.013,0.03,0.0,0.023,0.0,0.114,0.015,3.3,5
2xeh,B,14,168,0.25,0.062,-1.0,0.078,1.0,0.834,0.032,0.016,0.026,0.0,0.032,0.0,0.13,0.023,3.3,5
2xeh,C,14,168,0.253,0.062,-1.0,0.075,1.0,0.838,0.041,0.015,0.029,0.0,0.022,0.0,0.126,0.016,3.3,5
4xl5,C,15,258,0.335,0.197,0.714,0.093,-0.143,0.91,0.073,0.013,0.113,0.7,0.049,0.99,0.13,0.107,3.3,8
2y0b,G,14,131,0.037,0.052,-1.0,0.12,1.0,0.764,0.13,0.002,0.035,0.0,0.036,0.0,0.176,0.039,3.3,4
2y0b,H,14,132,0.32,0.075,-1.0,0.115,1.0,0.769,0.156,0.004,0.014,0.0,0.039,0.0,0.167,0.037,3.3,4
2y1l,F,14,168,0.255,0.099,-1.0,0.08,1.0,0.83,0.06,0.006,0.019,0.0,0.064,0.0,0.132,0.015,3.3,5
4ydw,A,14,169,0.224,0.103,-1.0,0.063,1.0,0.828,0.016,0.01,0.019,0.0,0.037,0.0,0.149,0.008,3.3,5
4ydw,B,14,168,0.225,0.104,-1.0,0.084,1.0,0.829,0.034,0.008,0.021,0.0,0.037,0.0,0.144,0.017,3.3,5
4ydy,A,13,168,0.251,0.092,-1.0,0.062,1.0,0.816,0.04,0.009,0.012,0.0,0.029,0.0,0.161,0.009,3.3,5
4ydy,B,13,168,0.227,0.095,-1.0,0.06,1.0,0.806,0.034,0.011,0.013,0.0,0.025,0.0,0.168,0.021,3.3,5
3zu7,B,14,166,0.273,0.095,-1.0,0.079,1.0,0.833,0.083,0.004,0.037,0.0,0.051,0.0,0.176,0.045,3.3,5
4iwt,A,174,318,0.669,2.186,-0.333,0.703,0.0,0.348,1.639,0.298,0.538,0.943,0.397,1.0,0.044,0.775,3.4,7
4iwt,B,174,318,0.973,2.454,-0.333,0.986,0.0,0.339,2.117,0.548,0.582,0.943,0.384,1.0,0.046,0.855,3.4,7
5bvl,A,18,176,0.772,0.148,0.667,0.231,0.0,0.421,0.222,0.096,0.054,0.745,0.058,1.0,0.057,0.087,4.1,7
6wvs,A,3,183,0.782,0.121,-0.143,0.088,-0.429,0.427,0.185,0.048,0.074,0.99,0.049,0.904,0.041,0.092,4.1,8
3ww8,B,15,125,0.968,0.017,-1.0,0.023,1.0,0.793,0.062,0.047,0.015,0.0,0.004,0.0,0.141,0.049,4.4,3
3ww9,A,17,250,1.026,0.058,0.2,0.033,-0.6,0.817,0.06,0.082,0.049,0.98,0.019,0.8,0.141,0.044,4.4,6
3wwa,A,15,251,1.034,0.046,-0.2,0.011,-0.2,0.856,0.105,0.135,0.02,0.98,0.011,0.98,0.107,0.08,4.4,6
1mey,C,2,84,1.649,0.617,1.0,0.789,0.0,0.86,0.078,0.136,0.135,0.0,0.039,1.0,0.013,0.075,5.3,3
3pg0,A,4,134,2.125,0.176,0.0,0.292,0.0,0.969,0.055,0.068,0.156,1.0,0.091,1.0,0.021,0.036,4.3.2,3
3q7y,A,12,131,2.082,0.179,1.0,0.329,0.0,0.93,0.029,0.078,0.175,0.0,0.111,1.0,0.014,0.026,4.3.2,3
5xg5,A,4,137,1.914,0.181,1.0,0.266,0.0,0.982,0.174,0.096,0.176,0.0,0.122,1.0,0.004,0.074,4.3.2,3
5byo,A,8,378,0.522,0.021,-0.091,0.011,-0.455,0.93,0.011,0.009,0.014,0.996,0.007,0.891,0.038,0.006,4.6.1,12
5byo,B,10,379,0.521,0.02,-0.091,0.013,-0.091,0.952,0.014,0.011,0.01,0.996,0.007,0.996,0.028,0.01,4.6.1,12
4yxx,A,3,208,1.041,0.071,-0.2,0.056,-0.2,0.903,0.055,0.05,0.019,0.98,0.022,0.98,0.047,0.042,4.6.1,6
4yxz,A,8,285,0.695,0.032,0.0,0.041,0.0,0.851,0.056,0.014,0.014,1.0,0.034,1.0,0.075,0.025,4.6.1,9
