Key,pdb,chain,start,end,curv_mean,curv_std,twist_mean,twist_std,twist_sign_mean,twist_sign_std,pitch_mean,pitch_std,pitch_sign_mean,pitch_sign_std,tmscores_mean,tmscores_std,yaw_mean,yaw_std 1,CTFC
4r58A,4r58,A,44,219,0.2218470269,0.004142269971,0.09152074523,0.004003668807,1,0,0.02868634054,0.01489341631,-0.1428571429,0.9897433186,0.8383517986,0.1330862117,0.007276902463,0.006259699593,3.2
4r58B,4r58,B,44,219,0.2233986479,0.003144886299,0.08881271652,0.003602615993,1,0,0.02928853908,0.01377735824,-0.4285714286,0.9035079029,0.8297796659,0.1381110185,0.009870660258,0.007893979327,3.2
4r58C,4r58,C,44,219,0.2255136084,0.004632320535,0.09035730175,0.004565324285,1,0,0.02921023441,0.01520991235,-0.4285714286,0.9035079029,0.8326968826,0.1396104763,0.01339745775,0.008777095127,3.2
4r58D,4r58,D,44,219,0.2392077088,0.02785103633,0.09629273411,0.01773298828,1,0,0.02656055201,0.0161457996,0.1428571429,0.9897433186,0.7855839115,0.1974162355,0.02893728505,0.04339867256,3.2
4r5cA,4r5c,A,44,294,0.2117743309,0.01428488485,0.07887460583,0.02122353709,1,0,0.02109921435,0.01796191115,0,1,0.729552671,0.1701082279,0.02356878593,0.01335789114,3.2
4r5dA,4r5d,A,44,430,0.2448629423,0.07127403858,0.05265581489,0.03375558428,0.5714285714,0.8206518066,0.03047944809,0.02106827829,0.2857142857,0.9583148475,0.6848074065,0.1811852713,0.03393979194,0.04473970646,3.2
4r6fA,4r6f,A,21,319,0.1865235694,0.04037001296,0.1822386588,0.3560338688,1,0,0.2214354321,0.4138201515,0.09090909091,0.9958591955,0.5650368892,0.1529542806,0.1936007524,0.4849607521,3.2
4r6gA,4r6g,A,1,453,0.2138345613,0.07294699928,0.222500809,0.4674919777,0.5294117647,0.848365006,0.1248507874,0.184170844,0.2941176471,0.9557692241,0.5952086442,0.1674602989,0.1679019558,0.4610695545,3.2
4r6jA,4r6j,A,20,250,0.2448657216,0.09363183987,0.3170358179,0.6530764729,0.5555555556,0.8314794193,0.2148459381,0.4455064296,1,0,0.5276570393,0.1668601174,0.2905082628,0.548131653,3.2
4r6jB,4r6j,B,44,250,0.2457453216,0.1225677264,0.07474977105,0.03674017739,0.75,0.6614378278,0.09056982536,0.05102370335,1,0,0.5740229661,0.132025414,0.1231775734,0.1419341516,3.2
4r6jC,4r6j,C,44,252,0.2471088008,0.1184006803,0.08814257878,0.05891640919,0.75,0.6614378278,0.08678310922,0.02962519122,1,0,0.5819070979,0.1489591035,0.1053214749,0.1115748836,3.2
4r6jD,4r6j,D,44,251,0.2839727894,0.1766500117,0.09305952882,0.05712784749,0.75,0.6614378278,0.07710540964,0.03937812544,1,0,0.5816643437,0.1450676153,0.1433979926,0.1582841408,3.2
4atzD,4atz,D,14,166,0.2056615038,0.001161030812,0.05170923473,0.02443797394,-1,0,0.06800134008,0.02641683589,1,0,0.8206836894,0.1416529636,0.05736544199,0.05832510264,3.3
4atzE,4atz,E,13,166,0.2787820543,0.001444884103,0.07313421129,0.03126556013,-1,0,0.07070908783,0.04576811095,1,0,0.8118016225,0.1617128829,0.08357823909,0.05555080117,3.3
4atzF,4atz,F,16,166,0.2189080754,0.006864758945,0.07888098297,0.0592635959,-1,0,0.0347300868,0.02597468897,0.5,0.8660254038,0.7968889152,0.1820333492,0.06331123827,0.06698210856,3.3
2bkgA,2bkg,A,13,165,0.1884255062,0.006274109734,0.08872274514,0.02992912197,-1,0,0.07870818967,0.03517368597,1,0,0.8356071989,0.16715711,0.045432466,0.02484103386,3.3
2bkgB,2bkg,B,13,165,0.2874657064,0.005498971999,0.1034045065,0.03936444074,-1,0,0.06913775318,0.04775155823,1,0,0.8294752463,0.1645981166,0.0788599893,0.05710887139,3.3
2bkkB,2bkk,B,14,165,0.2878202255,0.007906351296,0.1060011684,0.03981021669,0,1,0.05381313482,0.02922841099,0.5,0.8660254038,0.7460255562,0.1851466526,0.08657027885,0.004474041161,3.3
2bkkD,2bkk,D,13,143,0.1936545327,0.008431940975,0.08330198382,0.01508228971,-0.3333333333,0.9428090416,0.01107579567,0.007750046296,0.3333333333,0.9428090416,0.8272122683,0.06888920909,0.0372137656,0.004569017389,3.3
5cwhA,5cwh,A,2,160,0.01775899321,0.0001558495375,0.01350444274,0.009298691944,-0.3333333333,0.9428090416,0.01252847277,0.008069254446,-0.3333333333,0.9428090416,0.9596492939,0.02891346912,0.01721116583,0.009062182618,3.3
5cwjA,5cwj,A,2,161,0.0782012548,0.001436426351,0.03680555318,0.006537204176,-1,0,0.04603505456,0.02470509944,-0.3333333333,0.9428090416,0.9244308612,0.02753503081,0.03345400132,0.02610498886,3.3
5cwkA,5cwk,A,2,171,0.2639939206,0.01766148869,0.2855961514,0.05226839066,1,0,0.03001321673,0.0281705638,1,0,0.838933768,0.02695713953,0.04850433694,0.04166311531,3.3
4db6A,4db6,A,24,189,0.3548375455,0.003269657163,0.3474432482,0.02103132154,1,0,0.1025428642,0.04060351505,0.3333333333,0.9428090416,0.9602462307,0.007777366395,0.04112236665,0.03780434395,3.3
4db8A,4db8,A,63,231,0.335369859,0.004694318759,0.3306818607,0.02836862301,1,0,0.06729922499,0.04268554351,-0.3333333333,0.9428090416,0.9417554666,0.02345228693,0.05234589592,0.02037897973,3.3
4db9A,4db9,A,5,207,0.2651549263,0.004908626487,0.3369100557,0.04556292552,1,0,0.07700548517,0.05218526766,-0.5,0.8660254038,0.8833301123,0.08065264435,0.0332318581,0.01977005883,3.3
4db9B,4db9,B,5,207,0.2653567865,0.004829217778,0.3405405956,0.04849147869,1,0,0.07643147121,0.04498303815,-0.5,0.8660254038,0.8845651676,0.07841053449,0.02864538577,0.02265203428,3.3
4db9C,4db9,C,5,207,0.2648217637,0.004691634502,0.340074629,0.046024925,1,0,0.07205322166,0.04736812648,-0.5,0.8660254038,0.8816593436,0.08105495614,0.02947509871,0.02245723611,3.3
4db9D,4db9,D,5,207,0.2647571927,0.004153431915,0.331503366,0.04320127528,1,0,0.06872716179,0.04120199188,-0.5,0.8660254038,0.8849790938,0.07149267636,0.04324021038,0.01266490543,3.3
4db9E,4db9,E,5,207,0.2654731349,0.004266899889,0.3294087904,0.0418896533,1,0,0.07254187435,0.04529953123,-0.5,0.8660254038,0.885434937,0.07220362722,0.03657345569,0.01265500863,3.3
4db9F,4db9,F,24,189,0.3524529606,0.01107444918,0.2953943913,0.01858446537,1,0,0.08999054769,0.06013604403,0.3333333333,0.9428090416,0.9439092364,0.01273014649,0.02080840793,0.009497486842,3.3
4drxE,4drx,E,14,167,0.1701379293,0.004053747273,0.121051979,0.07170211588,-1,0,0.07217075679,0.01038108523,1,0,0.8204180781,0.1449233741,0.1175551816,0.09525152853,3.3
4drxF,4drx,F,14,167,0.245418357,0.003736271488,0.1247792722,0.06731995647,-1,0,0.06907629087,0.01412629082,1,0,0.8205359587,0.1450847553,0.1121119381,0.14194082,3.3
4duiA,4dui,A,11,167,0.2934989476,0.01050396997,0.09456450159,0.02037475616,-1,0,0.07954396653,0.08351901573,0.5,0.8660254038,0.8089071338,0.1723646273,0.04556457918,0.01489626296,3.3
4dx5D,4dx5,D,13,166,0.2608322475,0.006084547353,0.09165766324,0.01777373589,-1,0,0.08063138662,0.057582977,1,0,0.8141298977,0.1489750774,0.0881581013,0.04028427113,3.3
4dx5E,4dx5,E,16,166,0.2405776512,0.002114299118,0.1029437,0.02440394665,-1,0,0.08068603205,0.04290698767,1,0,0.8245866681,0.1439996971,0.07583515422,0.04124767747,3.3
4dx6D,4dx6,D,13,166,0.259585242,0.007715113644,0.09286476232,0.01959062472,-1,0,0.07774240852,0.05096077453,1,0,0.7910581657,0.1423745351,0.08801742411,0.03546071137,3.3
4dx6E,4dx6,E,16,166,0.1948334124,0.005185222643,0.0843922724,0.01134587152,-1,0,0.0898023929,0.03350977872,1,0,0.7895248803,0.1362248528,0.03865446917,0.02460506466,3.3
4dx7D,4dx7,D,13,166,0.2570181135,0.006462193037,0.09371434226,0.01804104348,-1,0,0.07727914957,0.04524778396,1,0,0.8151662628,0.1457232216,0.08240218138,0.032186394,3.3
4dx7E,4dx7,E,16,166,0.2463728723,0.003262197084,0.09796092295,0.02286104211,-1,0,0.08471872059,0.04001046039,1,0,0.8256655917,0.1470685979,0.07947001931,0.03334470114,3.3
4f6rD,4f6r,D,12,169,0.2363750709,0.007105471305,0.09953130621,0.01962821357,-1,0,0.07667977602,0.04092774201,1,0,0.8355794127,0.1273045611,0.04556785087,0.05865503721,3.3
2fo7A,2fo7,A,2,134,0.5972561609,0.02195251036,0.4995249394,0.01657013172,1,0,0.1675327114,0.1162056876,0.3333333333,0.9428090416,0.9511699986,0.01505486117,0.05476491787,0.01500707775,3.3
4gmrA,4gmr,A,4,159,0.2441855275,0.0105620783,0.07754275759,0.006342985044,-1,0,0.0937576024,0.02632296083,1,0,0.8571040091,0.1342349733,0.03892413508,0.02282552774,3.3
4gmrB,4gmr,B,4,159,0.1834726099,0.009644477129,0.09583671447,0.0340452206,-1,0,0.07333531269,0.02172203556,1,0,0.8669459259,0.1193450227,0.02573174963,0.01232096872,3.3
4gpmA,4gpm,A,3,158,0.3013331136,0.008941506319,0.1119478005,0.01052247718,-1,0,0.07373592406,0.041800868,1,0,0.8655284153,0.1347083989,0.04076929696,0.01421014589,3.3
4gpmB,4gpm,B,4,159,0.2944306054,0.008522009357,0.09656620094,0.02237315042,-1,0,0.07872337552,0.03581529269,1,0,0.8688904107,0.1351727485,0.03016304686,0.0166472284,3.3
4hb5A,4hb5,A,3,158,0.205760805,0.009737475237,0.04472077921,0.00774291618,-0.5,0.8660254038,0.08558256272,0.02188332109,1,0,0.8399750806,0.1505760097,0.02211167178,0.01079769234,3.3
4hb5B,4hb5,B,3,159,0.1967142582,0.01019719263,0.03711554606,0.01518810942,-1,0,0.09071722506,0.03053313086,1,0,0.8462389093,0.1257861497,0.01806551419,0.004720094654,3.3
3hg0D,3hg0,D,13,135,0.2669158782,0.001185590702,0.1022587789,0.01550685815,-1,0,0.1252309304,0.03594804279,1,0,0.7832387697,0.1171078119,0.0921843841,0.04358192653,3.3
4hqdA,4hqd,A,4,159,0.220847103,0.01256190115,0.09898435606,0.04691281743,-1,0,0.0706776548,0.02606024975,1,0,0.8463301107,0.1615337659,0.01724974293,0.01860299096,3.3
4hqdB,4hqd,B,4,159,0.2374891476,0.01302527502,0.1196978057,0.0549845428,-1,0,0.06164884413,0.03015412833,1,0,0.8676538748,0.127019629,0.01721078937,0.007835765987,3.3
2hyzA,2hyz,A,2,134,0.5443785827,0.02716959742,0.5348888276,0.01448274718,1,0,0.2097096963,0.1209652627,-0.3333333333,0.9428090416,0.9742485127,0.0207863961,0.0194203989,0.006604828592,3.3
5i9gC,5i9g,C,51,396,0.6649218038,0.06020686726,0.2413766018,0.02338510407,1,0,0.2726034003,0.1243962888,-0.1111111111,0.99380799,0.949736633,0.02274523194,0.06103659769,0.04542961745,3.3
4j7wA,4j7w,A,14,169,0.2583222926,0.008744103539,0.1131315715,0.02425014073,-1,0,0.05946859091,0.04810063861,1,0,0.8373701917,0.1476402654,0.01867836733,0.01096362055,3.3
4j7wB,4j7w,B,14,169,0.2954721978,0.00735625301,0.08820498151,0.01815190285,-1,0,0.09266358197,0.07513018586,1,0,0.8414994919,0.1469065917,0.05281848184,0.0322740866,3.3
2j8sD,2j8s,D,13,166,0.2756148781,0.003112893763,0.09483264291,0.01127466299,-1,0,0.0634095643,0.04607902951,1,0,0.8017625416,0.1394523856,0.09770169773,0.0507679248,3.3
2j8sE,2j8s,E,15,166,0.1467867905,0.002784819789,0.08801267249,0.01894613236,-1,0,0.09113086219,0.03566353233,1,0,0.8032527686,0.1313298662,0.05325852191,0.01500053215,3.3
4j8yA,4j8y,A,14,169,0.2774121083,0.00876481,0.1110983963,0.01995726494,-1,0,0.08333079443,0.06172728308,1,0,0.8311209578,0.1459294883,0.03441024111,0.01601577006,3.3
4jb8P,4jb8,P,13,169,0.2257833847,0.01119144466,0.06251881572,0.027456602,-1,0,0.07305545102,0.03288486271,1,0,0.8454521974,0.1290329891,0.03271624385,0.01380588311,3.3
3kd7C,3kd7,C,8,107,0.6677593424,0.03752089613,0.5202015469,0.05724640636,1,0,0.150211505,0.1091252867,0,1,0.9115702233,0.02651068885,0.1445563391,0.008090682154,3.3
3ltjA,3ltj,A,14,201,0.2871678453,0.02174247876,0.1794862086,0.123600708,0.6,0.8,0.0810459085,0.04596597385,1,0,0.8366553457,0.1516818697,0.1083004587,0.04762451805,3.3
3ltmA,3ltm,A,16,200,0.2556781242,0.01684173534,0.2236067214,0.1256418653,0.6,0.8,0.07423747043,0.05133250765,0.6,0.8,0.8475597831,0.1698153754,0.1142406898,0.07633564811,3.3
3ltmB,3ltm,B,20,201,0.2391819763,0.01504570291,0.205363419,0.1504659188,0.6,0.8,0.04258365282,0.01732611336,0.2,0.9797958971,0.8318798166,0.1462834508,0.1125040367,0.04679494295,3.3
1mj0A,1mj0,A,13,165,0.20413331,0.01027398249,0.09718535921,0.01070183572,-1,0,0.06604829194,0.02377578847,1,0,0.8156522482,0.1732360999,0.03174221995,0.02303895199,3.3
1na0A,1na0,A,8,109,0.5034438367,0.00602363816,0.6327184014,0.01507759247,1,0,0.1549163079,0.07048029395,0,1,0.9738773987,0.008269973128,0.04702627128,0.006891468842,3.3
1na0B,1na0,B,8,109,0.526006426,0.01324146527,0.6063743365,0.0186874118,1,0,0.1651651877,0.1014981708,0,1,0.9708474668,0.01432674948,0.04380504928,0.009544442588,3.3
3nocD,3noc,D,14,166,0.2725339256,0.0007734567479,0.08398346421,0.01582650858,-1,0,0.07547888423,0.04172066297,0.5,0.8660254038,0.7962174847,0.1392531607,0.08203611186,0.03546461974,3.3
3nocE,3noc,E,15,165,0.1807993369,0.0005224385406,0.09726716662,0.01488738714,-1,0,0.06169406872,0.02199796992,1,0,0.7716942163,0.1418700232,0.03814460739,0.01932418271,3.3
3nogD,3nog,D,14,166,0.2581031566,0.003909220924,0.05724971076,0.03684100814,-1,0,0.07418905686,0.04199413059,0.5,0.8660254038,0.7273054574,0.1472466238,0.06073801985,0.02396776401,3.3
3nogE,3nog,E,15,166,0.2822185754,0.01185055262,0.08063654959,0.01334412637,-1,0,0.06570789273,0.04041634066,0.5,0.8660254038,0.6628438522,0.1483447141,0.09215894195,0.02419731438,3.3
2p2cP,2p2c,P,13,166,0.2689574838,0.004800627504,0.08471895391,0.02057859304,-1,0,0.06691813879,0.03199857895,1,0,0.7430040954,0.1831695253,0.06238516398,0.03253399538,3.3
2p2cQ,2p2c,Q,14,166,0.2608254779,0.003546816098,0.07577600797,0.04181925111,-1,0,0.06536406777,0.02253651581,1,0,0.75284862,0.1679024762,0.1005386843,0.07147296818,3.3
2p2cR,2p2c,R,13,165,0.2872610921,0.006038279714,0.09166297273,0.0215036631,-1,0,0.06245673936,0.0268685029,1,0,0.7569940981,0.1790524698,0.1052658515,0.04688202774,3.3
2p2cS,2p2c,S,16,165,0.2287451755,0.00480172732,0.09167770151,0.0208214666,-1,0,0.07295978118,0.0232263148,1,0,0.7542368222,0.174023743,0.05170404435,0.02773840328,3.3
2p2cT,2p2c,T,16,166,0.2148373402,0.001955577725,0.09692903739,0.01256575955,-1,0,0.07762396378,0.02215732767,1,0,0.7399223841,0.1711676182,0.04527593395,0.01651791522,3.3
2p2cU,2p2c,U,16,166,0.1932674975,0.002314942105,0.07535159182,0.02285704706,-1,0,0.07903116844,0.0176066017,1,0,0.7680343451,0.1669766377,0.03778920961,0.021041724,3.3
3q9nC,3q9n,C,35,154,0.3050301951,0.004308515146,0.1148937104,0.03263151835,-1,0,0.05841813742,0.02011960685,1,0,0.7877728695,0.2002437059,0.1623874367,0.1049522932,3.3
3q9nD,3q9n,D,35,154,0.3225272723,0.005178887416,0.105365781,0.03596881079,-1,0,0.0613745663,0.00957753183,1,0,0.7803517967,0.2007640458,0.1633434425,0.1084984478,3.3
3q9uC,3q9u,C,35,154,0.1468370285,0.002713657749,0.1094046792,0.04417545385,-1,0,0.05768403902,0.03999645268,1,0,0.7722684363,0.2155545325,0.09527988781,0.037422829,3.3
3q9uD,3q9u,D,35,154,0.306806737,0.006504407585,0.1031669038,0.03511335743,-1,0,0.04560362757,0.01447123642,1,0,0.7701076891,0.209531687,0.1632664462,0.1090986754,3.3
2qyjA,2qyj,A,14,166,0.2553204805,0.002840445697,0.07157546172,0.02222622982,-1,0,0.0721108748,0.01744077077,1,0,0.835088889,0.1501939361,0.08518343845,0.07842053459,3.3
4rv1A,4rv1,A,16,392,0.2947282144,0.012269558,0.4107947671,0.05445069345,1,0,0.1589039205,0.09653127026,0,1,0.9293785189,0.04852143477,0.07258074613,0.05416181135,3.3
4rv1B,4rv1,B,18,392,0.3298146408,0.02717241626,0.4060446251,0.05031933217,1,0,0.1914011776,0.09344385991,0,1,0.9190152861,0.05836137138,0.07550277676,0.05965457981,3.3
4rv1C,4rv1,C,15,392,0.2840788744,0.02471265471,0.4099810153,0.03163946496,1,0,0.1651691801,0.08635714837,0.25,0.9682458366,0.9348087787,0.03213656128,0.07106541809,0.04126967993,3.3
4rv1D,4rv1,D,16,392,0.334984254,0.03660942802,0.3988617449,0.04663353612,1,0,0.180674913,0.1076068821,0,1,0.928701866,0.02830810951,0.07115223814,0.06355093774,3.3
4rv1E,4rv1,E,16,392,0.292589118,0.0103090264,0.3743752386,0.03870384497,1,0,0.2157784795,0.1047500156,0.5,0.8660254038,0.8943475474,0.03584013647,0.03551249538,0.01790223664,3.3
4rv1F,4rv1,F,15,393,0.3093107913,0.02402068918,0.4055266262,0.02657165914,1,0,0.1566591595,0.1000375631,0,1,0.8928295298,0.05272699132,0.06193648433,0.04175177157,3.3
1svxA,1svx,A,13,168,0.2921387264,0.01044499111,0.07069754331,0.02119999646,-1,0,0.08973770013,0.08244550276,1,0,0.8060510946,0.1737982476,0.06810060797,0.04283124916,3.3
4u8vD,4u8v,D,13,166,0.2572270845,0.006650930235,0.08777469497,0.01002888088,-1,0,0.07704069926,0.04399734464,1,0,0.8130854821,0.1471372474,0.08525265882,0.03488575928,3.3
4u8vE,4u8v,E,16,166,0.09962847144,0.002121853072,0.09584044322,0.0252007604,-1,0,0.09570602578,0.02963177673,1,0,0.8207465964,0.145971581,0.06529178557,0.03677891977,3.3
4u8yD,4u8y,D,13,166,0.2621616704,0.006375362905,0.09285648056,0.01906955417,-1,0,0.0700533178,0.04335562943,1,0,0.8115077689,0.1482717431,0.09284247885,0.04922546351,3.3
4u8yE,4u8y,E,16,166,0.2421266636,0.002368340375,0.09962036035,0.02072276668,-1,0,0.08131619233,0.04480604825,1,0,0.8233515107,0.1444918402,0.07917537979,0.0441490265,3.3
4u95D,4u95,D,13,166,0.256000666,0.006517211217,0.08752436289,0.0123775324,-1,0,0.07642837993,0.04656379722,1,0,0.8156596087,0.1457229535,0.08345097702,0.03404387369,3.3
4u95E,4u95,E,16,166,0.2449428338,0.003426649982,0.09695828396,0.02766413062,-1,0,0.0897149808,0.04891353982,1,0,0.8266887832,0.1460219081,0.07663002004,0.03495149196,3.3
4u96D,4u96,D,11,166,0.2701499225,0.007428495123,0.104829725,0.02180592921,-1,0,0.0848308537,0.04507744564,1,0,0.8219149225,0.1448562929,0.1044742037,0.04554227844,3.3
4u96E,4u96,E,16,166,0.1843274922,0.005479391617,0.0929607465,0.02310360322,-1,0,0.09521275045,0.04022012101,1,0,0.8240798242,0.1460232822,0.02470963134,0.03564704514,3.3
2v4hC,2v4h,C,13,136,0.184163738,0.007796103696,0.1100871142,0.01727590311,-1,0,0.1256998315,0.04711805627,1,0,0.7601587691,0.0686505585,0.03640621113,0.01953348932,3.3
2v5qC,2v5q,C,13,136,0.2950289102,0.01389741774,0.1004126616,0.01006860194,-1,0,0.1226647967,0.04942947201,1,0,0.8192434418,0.1022310906,0.08598662541,0.04787723692,3.3
2v5qD,2v5q,D,14,136,0.1720791396,0.009229972777,0.1096140689,0.02340315146,-1,0,0.1220358526,0.03136335036,1,0,0.8362129795,0.1107313984,0.02150277898,0.006612872868,3.3
6w2vA,6w2v,A,22,222,0.5745608535,0.1174054748,1.033362879,1.007128021,0.3333333333,0.9428090416,0.2035154707,0.2163450254,-0.3333333333,0.9428090416,0.7026418584,0.1102166594,0.9224501781,0.8194126968,3.3
4wn4B,4wn4,B,108,282,0.3752862637,0.003650137445,0.5400944375,0.04437497734,1,0,0.1979883403,0.1010504055,0,1,0.9469661816,0.005997116325,0.07645759523,0.0430089704,3.3
4wslA,4wsl,A,1,293,0.4088862689,0.01917470303,0.4194587878,0.02976527544,1,0,0.2460893198,0.1157957489,0.4285714286,0.9035079029,0.8744164262,0.02997262361,0.07982438006,0.04482062523,3.3
2xeeA,2xee,A,14,168,0.2174948572,0.008804170525,0.06781620589,0.0364180049,-1,0,0.08426653531,0.04327941019,1,0,0.8555705138,0.1390397958,0.02324875189,0.02321336728,3.3
2xeeB,2xee,B,14,168,0.267172051,0.01013902185,0.08076060399,0.02404440135,-1,0,0.07256145486,0.0246669665,1,0,0.8530769882,0.1436583785,0.03857231275,0.02291761275,3.3
2xeeC,2xee,C,14,168,0.2679223694,0.01017621113,0.08113020615,0.02625400929,-1,0,0.07380577205,0.03499169843,1,0,0.851988875,0.1451969312,0.04499453415,0.02319413836,3.3
2xeeD,2xee,D,14,168,0.257696204,0.01429922178,0.07197116631,0.03213067425,-1,0,0.07566319823,0.02676170152,1,0,0.8552305942,0.1284482998,0.0415187467,0.01255598967,3.3
2xehA,2xeh,A,14,169,0.2143373797,0.01237510418,0.06275707607,0.02991943743,-1,0,0.07411386558,0.02285949091,1,0,0.8452146796,0.1143025498,0.01545817781,0.01364516403,3.3
2xehB,2xeh,B,14,168,0.2496315782,0.01592024806,0.06250079917,0.02556272734,-1,0,0.07820565314,0.03221817761,1,0,0.8336971532,0.1299429592,0.03234467644,0.02274033735,3.3
2xehC,2xeh,C,14,168,0.2379136315,0.01444524385,0.06192415637,0.02812440454,-1,0,0.0749422096,0.02096935845,1,0,0.8384394325,0.1263040951,0.02659225652,0.01529297776,3.3
4xl5C,4xl5,C,15,258,0.3213802732,0.02182108851,0.1983748059,0.12162542,0.7142857143,0.6998542122,0.06234085381,0.03557124691,0.1428571429,0.9897433186,0.909534433,0.1302315675,0.07067513688,0.09219453337,3.3
2y0bG,2y0b,G,14,131,0.3237224186,0.006155466861,0.07192065991,0.01114081051,-1,0,0.1105260318,0.04611299709,1,0,0.7638879341,0.1758167429,0.1570113145,0.04292605933,3.3
2y0bH,2y0b,H,14,132,0.1672100884,0.006419045584,0.06923432886,0.02670613884,-1,0,0.1187447827,0.03207965423,1,0,0.769075801,0.1665357832,0.02887269393,0.01381035691,3.3
2y1lF,2y1l,F,14,168,0.255087376,0.006142790213,0.09876472007,0.0193349562,-1,0,0.080360269,0.0644854499,1,0,0.829559176,0.1319883733,0.0595280946,0.01535966571,3.3
4ydwA,4ydw,A,14,169,0.2202649193,0.009713716188,0.1029314225,0.01895975513,-1,0,0.063359531,0.03675788442,1,0,0.8277553049,0.1485464404,0.01422506743,0.008072891124,3.3
4ydwB,4ydw,B,14,168,0.2252930798,0.007728825317,0.103683844,0.02097360046,-1,0,0.08351553654,0.03673120298,1,0,0.8285133131,0.1437733807,0.03357699842,0.0172384673,3.3
4ydyA,4ydy,A,13,168,0.2508450508,0.009308358559,0.09218250669,0.01240091213,-1,0,0.06202657218,0.02921686629,1,0,0.816358957,0.1612710651,0.03973573747,0.008654239677,3.3
4ydyB,4ydy,B,13,168,0.2272254276,0.01057503408,0.09503161511,0.01286384387,-1,0,0.06012627444,0.02511811699,1,0,0.8061077517,0.1675991467,0.03446181517,0.02106911354,3.3
3zu7B,3zu7,B,14,166,0.2745498708,0.003865545693,0.09462143561,0.03679925773,-1,0,0.08002076494,0.05190069835,1,0,0.8331283809,0.1760276939,0.08458679926,0.04433139903,3.3
4iwtA,4iwt,A,174,318,0.669441244,0.2989428202,2.186419902,0.5374932286,-0.3333333333,0.9428090416,0.7028833913,0.3979220367,0,1,0.3476029207,0.04442440703,1.6402959,0.772522549,3.4
4iwtB,4iwt,B,174,318,0.6739423495,0.3027969256,2.118968303,0.52160841,-0.3333333333,0.9428090416,0.7359771006,0.4027401269,0,1,0.3390820128,0.04576596593,1.602264738,0.7635382473,3.4
5bvlA,5bvl,A,18,176,0.7718035116,0.09607307288,0.1477388395,0.05356651879,0.6666666667,0.7453559925,0.2308754737,0.05848571007,0,1,0.4210555066,0.05705442151,0.2218827177,0.08699428718,4.1
6wvsA,6wvs,A,3,183,0.783150686,0.04955093194,0.1213980985,0.0736555885,-0.1428571429,0.9897433186,0.08685878714,0.0496759152,-0.4285714286,0.9035079029,0.4266827056,0.04125851134,0.1866628194,0.09283363271,4.1
3pg0A,3pg0,A,4,134,2.125134606,0.06804182544,0.1759749042,0.1558618381,0,1,0.2924549913,0.09129891302,0,1,0.9686634435,0.02063046128,0.05553408933,0.03586916615,4.3.2
3q7yA,3q7y,A,12,131,2.081957375,0.07846184398,0.1794517276,0.174874857,1,0,0.3294691079,0.111476588,0,1,0.9303469672,0.0140082904,0.02924537647,0.02577021286,4.3.2
5xg5A,5xg5,A,4,137,1.917497486,0.1154584377,0.1783556319,0.1771086993,0,1,0.2675468479,0.1201856689,0,1,0.9818050576,0.004374730456,0.1714688778,0.09393923823,4.3.2
3ww8B,3ww8,B,15,125,0.9680015481,0.04749736865,0.01696376279,0.01465740446,-1,0,0.02254137886,0.004410717757,1,0,0.7930999287,0.1409780935,0.0616812163,0.04856917549,4.4
3ww9A,3ww9,A,17,250,1.026037161,0.08235413025,0.05785319345,0.04895013996,0.2,0.9797958971,0.03307306299,0.01885742252,-0.6,0.8,0.8172618158,0.1411886865,0.05992639746,0.04359422601,4.4
3wwaA,3wwa,A,15,251,1.034006666,0.1350635969,0.04649511337,0.02040932123,-0.2,0.9797958971,0.0109475014,0.01058316101,-0.2,0.9797958971,0.8557855772,0.106944135,0.1051368212,0.08020530473,4.4
5byoA,5byo,A,8,378,0.5261024455,0.008397888494,0.02145287041,0.01397100986,-0.09090909091,0.9958591955,0.0104654938,0.005662468421,-0.2727272727,0.9620913858,0.9300859448,0.03849787293,0.01049239792,0.005577038702,4.6.1
5byoB,5byo,B,10,379,0.5203492189,0.01026970746,0.02024645609,0.009897552248,-0.09090909091,0.9958591955,0.01309494171,0.007299688541,-0.09090909091,0.9958591955,0.952203533,0.0282710671,0.01304272154,0.01037466909,4.6.1
4yxxA,4yxx,A,3,208,1.041345456,0.04997226465,0.0708098697,0.01903814607,-0.2,0.9797958971,0.05560234262,0.0220018106,-0.2,0.9797958971,0.9034588686,0.0470598098,0.05460015985,0.04197295645,4.6.1
4yxzA,4yxz,A,8,285,0.7002064252,0.01387239946,0.03145649632,0.01411929679,0,1,0.04048352081,0.03460533428,-0.25,0.9682458366,0.8513716617,0.07500296227,0.05588113618,0.02310231731,4.6.1
1meyC,1mey,C,2,84,1.516454608,0.01273406874,0.7182941058,0.1300965948,1,0,0.7023219089,0.02562995567,0,1,0.8603600403,0.01315651256,0.2350231096,0.04634610892,5.3