pdb_id,chain,region_start_mean,region_end_mean,curvature_mean,twist_mean,twist_hand_mean,pitch_mean,pitch_hand_mean,tmscore_mean,yaw_mean,region_start_std,region_end_std,curvature_std,twist_std,twist_hand_std,pitch_std,pitch_hand_std,tmscore_std,yaw_std
5cwb,A,1,200,0.104,0.549,-1.0,0.047,-1.0,0.952,0.134,1,200,0.002,0.009,0.0,0.037,0.0,0.003,0.028
5cwd,A,1,168,0.377,0.6,-1.0,0.136,0.333,0.916,0.109,1,168,0.013,0.079,0.0,0.081,0.943,0.042,0.025
5cwm,A,1,227,0.353,0.092,1.0,0.043,1.0,0.894,0.107,1,227,0.004,0.003,0.0,0.016,0.0,0.035,0.114
5cwq,A,1,228,0.942,0.083,1.0,0.099,-0.333,0.964,0.055,1,228,0.033,0.028,0.0,0.035,0.943,0.014,0.007
5cwp,A,1,224,0.279,0.258,1.0,0.046,0.333,0.915,0.075,1,224,0.013,0.026,0.0,0.052,0.943,0.056,0.06
5cwo,A,1,220,0.259,0.229,1.0,0.04,0.333,0.934,0.063,1,220,0.011,0.039,0.0,0.027,0.943,0.035,0.044
5cwi,A,1,234,0.108,0.318,1.0,0.154,-1.0,0.881,0.12,1,234,0.005,0.024,0.0,0.056,0.0,0.098,0.025
5cwc,A,3,198,0.152,0.089,0.333,0.041,0.333,0.886,0.115,3,198,0.004,0.053,0.943,0.032,0.943,0.023,0.063
5cwf,A,1,178,0.147,0.356,1.0,0.021,-0.333,0.726,0.055,1,178,0.008,0.026,0.0,0.003,0.943,0.107,0.051
5cwg,A,2,196,0.177,0.083,0.333,0.054,0.333,0.861,0.156,2,196,0.007,0.063,0.943,0.059,0.943,0.01,0.063
5cwl,A,2,172,0.124,0.22,-1.0,0.035,0.333,0.969,0.032,2,172,0.002,0.005,0.0,0.008,0.943,0.002,0.008
5cwn,A,1,200,0.17,0.082,1.0,0.01,0.333,0.963,0.033,1,200,0.002,0.033,0.0,0.007,0.943,0.021,0.011
5cwk,A,2,171,0.435,0.442,1.0,0.036,0.333,0.851,0.046,2,171,0.127,0.155,0.0,0.036,0.943,0.056,0.031
5cwh,A,2,160,0.012,0.013,-0.333,0.012,-0.333,0.96,0.015,2,160,0.0,0.009,0.943,0.008,0.943,0.029,0.009
5cwj,A,2,161,0.06,0.037,-1.0,0.046,-0.333,0.924,0.039,2,161,0.001,0.006,0.0,0.025,0.943,0.028,0.014
